nombre,precio,disponibilidad,sku,publicado,listing_id
nombre,precio,disponibilidad,sku,publicado,listing_id
Tu publicación,693,Disponible,3023,Publicado en 1 lugar,1011132718594660
Tu publicación,592,Disponible,13548,Publicado en 1 lugar,1395167065852891
Tu publicación,285,Disponible,12653,Publicado en 1 lugar,27711836291778947
Tu publicación,307,Disponible,15098,Publicado en 1 lugar,2048580936049147
Tu publicación,330,Disponible,17425,Publicado en 1 lugar,4173734882763740
Tu publicación,312,Disponible,17948,Publicado en 1 lugar,1071005185264340
Tu publicación,85,Disponible,7260,Publicado en 1 lugar,1660530088380098
Tu publicación,367,Disponible,17214,Publicado en 1 lugar,1406719148223984
Tu publicación,70,Disponible,13422,Publicado en 1 lugar,1574198797692023
Tu publicación,580,Disponible,13817,Publicado en 1 lugar,1342879692231311
Tu publicación,328,Disponible,16353,Publicado en 1 lugar,1561468202147407
Tu publicación,1200,Disponible,11481,Publicado en 1 lugar,1580707423674706
Tu publicación,78,Disponible,14191,Publicado en 1 lugar,958821223284890
Tu publicación,329,Disponible,15945,Publicado en 1 lugar,1482396283914945
Tu publicación,290,Disponible,13533,Publicado en 1 lugar,2111477163059252
Tu publicación,229,Disponible,14693,Publicado en 1 lugar,1551499216472735
Tu publicación,149,Disponible,9052,Publicado en 1 lugar,1799443544377778
Tu publicación,510,Disponible,16799,Publicado en 1 lugar,2466636400491475
Tu publicación,297,Disponible,14644,Publicado en 1 lugar,988026960936379
Tu publicación,62,Disponible,5552,Publicado en 1 lugar,1765921147755629
Tu publicación,169,Disponible,16205,Publicado en 1 lugar,228117300719195
Tu publicación,4189,Disponible,15707,Publicado en 1 lugar,1197408852579314
Tu publicación,46,Disponible,3651,Publicado en 1 lugar,1343399287877640
Tu publicación,63,Disponible,2800,Publicado en 1 lugar,2080109762891935
Tu publicación,615,Disponible,10592,Publicado en 1 lugar,1546007953687261
Tu publicación,3748,Disponible,14882,Publicado en 1 lugar,1073215525152607
Tu publicación,62,Disponible,4681,Publicado en 1 lugar,1395324335891109
Tu publicación,205,Disponible,4558,Publicado en 1 lugar,2064024850868702
Tu publicación,980,Disponible,13669,Publicado en 1 lugar,1041705145389259
Tu publicación,759,Disponible,16835,Publicado en 1 lugar,1360656332850387
Tu publicación,3420,Disponible,15620,Publicado en 1 lugar,1947642945933599
Tu publicación,2662,Disponible,16568,Publicado en 1 lugar,2436496573539515
Tu publicación,3240,Disponible,15176,Publicado en 1 lugar,902067712617111
Tu publicación,3406,Disponible,14878,Publicado en 1 lugar,2150975352146109
Tu publicación,1677,Disponible,16314,Publicado en 1 lugar,1960714155332565
Tu publicación,2740,Disponible,16566,Publicado en 1 lugar,1869080374054246
Tu publicación,1197,Disponible,13292,Publicado en 1 lugar,2082612412330977
Tu publicación,1080,Disponible,20009,Publicado en 1 lugar,1030879786374596
Tu publicación,3619,Disponible,14757,Publicado en 1 lugar,1054298334130903
Tu publicación,90,Disponible,4784,Publicado en 1 lugar,1060624999758016
Tu publicación,1907,Disponible,16594,Publicado en 1 lugar,2194320061137072
Tu publicación,1645,Disponible,16090,Publicado en 1 lugar,1044180264688766
Tu publicación,3311,Disponible,15809,Publicado en 1 lugar,1775094920183892
Tu publicación,2022,Disponible,15988,Publicado en 1 lugar,1518615669948677
Tu publicación,3789,Disponible,16513,Publicado en 1 lugar,1485560403325979
Tu publicación,6926,Disponible,16613,Publicado en 1 lugar,1722172989026173
Tu publicación,1139,Disponible,16414,Publicado en 1 lugar,1054180923680926
Tu publicación,2250,Disponible,14888,Publicado en 1 lugar,4526639490996704
Tu publicación,1257,Disponible,16068,Publicado en 1 lugar,1710945233455014
Tu publicación,3609,Disponible,15944,Publicado en 1 lugar,1335180371932798
Tu publicación,1281,Disponible,14360,Publicado en 1 lugar,1034084016277365
Tu publicación,5676,Disponible,16449,Publicado en 1 lugar,2227889491329447
Tu publicación,4138,Disponible,16103,Publicado en 1 lugar,1391092325789478
Tu publicación,510,Disponible,6078,Publicado en 1 lugar,2531132560661189
Tu publicación,1069,Disponible,12226,Publicado en 1 lugar,1366226122321837
Tu publicación,70,Disponible,14192,Publicado en 1 lugar,1380790147520894
Tu publicación,377,Disponible,14174,Publicado en 1 lugar,1367870402157015
Tu publicación,345,Disponible,9443,Publicado en 1 lugar,1365806225001871
Tu publicación,369,Disponible,6339,Publicado en 1 lugar,4297922733673890
Tu publicación,3228,Disponible,16597,Publicado en 1 lugar,1722697415443660
Tu publicación,2127,Disponible,16318,Publicado en 1 lugar,965443823222838
Tu publicación,322,Disponible,14183,Publicado en 1 lugar,1746331409920039
Tu publicación,139,Disponible,14337,Publicado en 1 lugar,893061613462912
Tu publicación,539,Disponible,14085,Publicado en 1 lugar,1443475940928361
Tu publicación,465,Disponible,10069,Publicado en 1 lugar,1840282743601873
Tu publicación,90,Disponible,4454,Publicado en 1 lugar,1080233347899240
Tu publicación,348,Disponible,8098,Publicado en 1 lugar,1585342206530573
Tu publicación,390,Disponible,11060,Publicado en 1 lugar,2143202649744074
Tu publicación,460,Disponible,8774,Publicado en 1 lugar,1357378269372563
Tu publicación,839,Disponible,13895,Publicado en 1 lugar,921293660377465
Tu publicación,78,Disponible,14228,Publicado en 1 lugar,1731079071349453
Tu publicación,1261,Disponible,14154,Publicado en 1 lugar,2340947666733156
Tu publicación,598,Disponible,13366,Publicado en 1 lugar,1125302256691728
Tu publicación,448,Disponible,5500,Publicado en 1 lugar,1335449681906039
Tu publicación,110,Disponible,6237,Publicado en 1 lugar,1625622432311000
Tu publicación,80,Disponible,4304,Publicado en 1 lugar,1359227533044621
Tu publicación,100,Disponible,11693,Publicado en 1 lugar,1123565086718109
Tu publicación,156,Disponible,14014,Publicado en 1 lugar,1769163157567592
Tu publicación,80,Disponible,3606,Publicado en 1 lugar,1707074313883496
Tu publicación,3036,Disponible,16153,Publicado en 1 lugar,1601345798278547
Tu publicación,85,Disponible,5005,Publicado en 1 lugar,999396503146407
Tu publicación,355,Disponible,17159,Publicado en 1 lugar,4506444542947755
Tu publicación,195,Disponible,6056,Publicado en 1 lugar,1727327168534927
Tu publicación,355,Disponible,13889,Publicado en 1 lugar,1960922437944752
Tu publicación,877,Disponible,9917,Publicado en 1 lugar,4550153545260494
Tu publicación,450,Disponible,14215,Publicado en 1 lugar,990242054043631
Tu publicación,764,Disponible,16299,Publicado en 1 lugar,2650209375382150
Tu publicación,402,Disponible,17946,Publicado en 1 lugar,1742054980447455
Tu publicación,539,Disponible,13442,Publicado en 1 lugar,1364572692431874
Tu publicación,359,Disponible,13414,Publicado en 1 lugar,1724948355324171
Tu publicación,425,Disponible,17928,Publicado en 1 lugar,868108656183191
Tu publicación,424,Disponible,16177,Publicado en 1 lugar,1835181294112706
Tu publicación,383,Disponible,18059,Publicado en 1 lugar,1600332958355354
Tu publicación,2979,Disponible,16113,Publicado en 1 lugar,2302229573854630
Tu publicación,415,Disponible,17468,Publicado en 1 lugar,7833026016310652
Tu publicación,431,Disponible,16171,Publicado en 1 lugar,1793279205175458
Tu publicación,239,Disponible,16760,Publicado en 1 lugar,1063882259428057
Tu publicación,128,Disponible,4561,Publicado en 1 lugar,1299635962061427
Tu publicación,421,Disponible,17426,Publicado en 1 lugar,888391220640470
Tu publicación,218,Disponible,5487,Publicado en 1 lugar,1568572028143656
Tu publicación,381,Disponible,16511,Publicado en 1 lugar,952634731712037
Tu publicación,3957,Disponible,7276,Publicado en 1 lugar,1572348987954445
Tu publicación,410,Disponible,15120,Publicado en 1 lugar,2333779787153148
Tu publicación,420,Disponible,17210,Publicado en 1 lugar,1544348309935020
Tu publicación,120,Disponible,14578,Publicado en 1 lugar,28452174474365854
Tu publicación,1164,Disponible,16480,Publicado en 1 lugar,1639525551037831
Tu publicación,679,Disponible,13100,Publicado en 1 lugar,1524933725496174
Tu publicación,81,Disponible,4886,Publicado en 1 lugar,1787233082277918
Tu publicación,650,Disponible,12121,Publicado en 1 lugar,1803383127699625
Tu publicación,423,Disponible,15588,Publicado en 1 lugar,1369269581278710
Tu publicación,130,Disponible,13273,Publicado en 1 lugar,2678573592537440
Tu publicación,81,Disponible,4887,Publicado en 1 lugar,28137516859246771
Tu publicación,126,Disponible,5489,Publicado en 1 lugar,27677215255254545
Tu publicación,1036,Disponible,13825,Publicado en 1 lugar,952948214840317
Tu publicación,1677,Disponible,14141,Publicado en 1 lugar,920834600733047
Tu publicación,101,Disponible,4884,Publicado en 1 lugar,798290810009125
Tu publicación,128,Disponible,4560,Publicado en 1 lugar,996905410002479
Tu publicación,575,Disponible,16847,Publicado en 1 lugar,1027322063418901
Tu publicación,799,Disponible,18686,Publicado en 1 lugar,1978961059428812
Tu publicación,215,Disponible,5014,Publicado en 1 lugar,1375248854585073
Tu publicación,126,Disponible,5488,Publicado en 1 lugar,155766001300800
Tu publicación,480,Disponible,16512,Publicado en 1 lugar,1361022716223339
Tu publicación,70,Disponible,13269,Publicado en 1 lugar,2393890357685807
Tu publicación,455,Disponible,17001,Publicado en 1 lugar,1626517495483818
Tu publicación,89,Disponible,16889,Publicado en 1 lugar,1053758493734320
Tu publicación,1432,Disponible,13300,Publicado en 1 lugar,1494184342477996
Tu publicación,99,Disponible,3343,Publicado en 1 lugar,1041402108872844
Tu publicación,240,Disponible,11738,Publicado en 1 lugar,1110512141535780
Tu publicación,339,Disponible,18490,Publicado en 1 lugar,1066610492886598
Tu publicación,700,Disponible,7438,Publicado en 1 lugar,1173322372330099
Tu publicación,575,Disponible,16840,Publicado en 1 lugar,2529620300879633
Tu publicación,2125,Disponible,18462,Publicado en 1 lugar,1021946850834878
Tu publicación,370,Disponible,11694,Publicado en 1 lugar,1529973545001900
Tu publicación,750,Disponible,16836,Publicado en 1 lugar,1079075861330077
Tu publicación,250,Disponible,4240,Publicado en 1 lugar,1030142276491718
Tu publicación,552,Disponible,16846,Publicado en 1 lugar,1277801934306607
Tu publicación,580,Disponible,19745,Publicado en 1 lugar,28301619589525820
Tu publicación,3647,Disponible,16520,Publicado en 1 lugar,1019419497574160
Tu publicación,550,Disponible,11614,Publicado en 1 lugar,1625887219155908
Tu publicación,870,Disponible,13480,Publicado en 1 lugar,169804719880474
Tu publicación,5368,Disponible,16359,Publicado en 1 lugar,1540317800634221
Tu publicación,3309,Disponible,15807,Publicado en 1 lugar,975361535512167
Tu publicación,339,Disponible,4748,Publicado en 1 lugar,1898905114404145
Tu publicación,220,Disponible,7489,Publicado en 1 lugar,1101806732388877
Tu publicación,195,Disponible,6188,Publicado en 1 lugar,1099034386144823
Tu publicación,350,Disponible,7649,Publicado en 1 lugar,2151834595682823
Tu publicación,1872,Disponible,16589,Publicado en 1 lugar,2035525363719623
Tu publicación,320,Disponible,12348,Publicado en 1 lugar,890813393711433
Tu publicación,4668,Disponible,15959,Publicado en 1 lugar,1032704099477953
Tu publicación,1110,Disponible,9346,Publicado en 1 lugar,1219783421225246
Tu publicación,16,Disponible,17394,Publicado en 1 lugar,440657262775766
Tu publicación,1601,Disponible,16830,Publicado en 1 lugar,1365591301658843
Tu publicación,750,Disponible,16837,Publicado en 1 lugar,1365281451711627
Tu publicación,1155,Disponible,16844,Publicado en 1 lugar,2050084675594372
Tu publicación,119,Disponible,16884,Publicado en 1 lugar,1038848758763817
Tu publicación,3721,Disponible,16138,Publicado en 1 lugar,1570304504603453
Tu publicación,1630,Disponible,17031,Publicado en 1 lugar,1527495011890272
Tu publicación,520,Disponible,13481,Publicado en 1 lugar,1018877440759593
Tu publicación,4477,Disponible,15582,Publicado en 1 lugar,1064224652767674
Tu publicación,1089,Disponible,15968,Publicado en 1 lugar,1465055512094270
Tu publicación,380,Disponible,12545,Publicado en 1 lugar,2374605389949419
Tu publicación,435,Disponible,12243,Publicado en 1 lugar,27513121145054370
Tu publicación,1397,Disponible,12125,Publicado en 1 lugar,1615222860129377
Tu publicación,4277,Disponible,16628,Publicado en 1 lugar,1033562919648885
Tu publicación,85,Disponible,16886,Publicado en 1 lugar,1856977331955221
Tu publicación,365,Disponible,2767,Publicado en 1 lugar,1425814416264189
Tu publicación,286,Disponible,16546,Publicado en 1 lugar,1572368407950709
Tu publicación,290,Disponible,14602,Publicado en 1 lugar,28085457547717364
Tu publicación,4455,Disponible,16462,Publicado en 1 lugar,1419815346681225
Tu publicación,73,Disponible,13435,Publicado en 1 lugar,1484472823367749
Tu publicación,280,Disponible,13478,Publicado en 1 lugar,816630484807048
Tu publicación,195,Disponible,5069,Publicado en 1 lugar,1011626885212320
Tu publicación,1704,Disponible,17410,Publicado en 1 lugar,1606385797821118
Tu publicación,81,Disponible,14189,Publicado en 1 lugar,1844903866482915
Tu publicación,6804,Disponible,15728,Publicado en 1 lugar,1623645506058603
Tu publicación,239,Disponible,16382,Publicado en 1 lugar,1204981761817152
Tu publicación,63,Disponible,16196,Publicado en 1 lugar,2269299997168421
Tu publicación,3464,Disponible,16584,Publicado en 1 lugar,1221430491062121
Tu publicación,80,Disponible,4303,Publicado en 1 lugar,911874134754231
Tu publicación,4884,Disponible,17051,Publicado en 1 lugar,4633141213572035
Tu publicación,47,Disponible,13350,Publicado en 1 lugar,1016500781013954
Tu publicación,109,Disponible,14692,Publicado en 1 lugar,1064681469412620
Tu publicación,277,Disponible,14291,Publicado en 1 lugar,1737773680595536
Tu publicación,299,Disponible,7921,Publicado en 1 lugar,1047559617649002
Tu publicación,789,Disponible,16640,Publicado en 1 lugar,1397836109148023
Tu publicación,219,Disponible,15165,Publicado en 1 lugar,927363307079438
Tu publicación,2504,Disponible,17486,Publicado en 1 lugar,1769383890924538
Tu publicación,4733,Disponible,15722,Publicado en 1 lugar,1039721358650872
Tu publicación,150,Disponible,12224,Publicado en 1 lugar,78419055693766
Tu publicación,1248,Disponible,15592,Publicado en 1 lugar,1547399360757935
Tu publicación,199,Disponible,11224,Publicado en 1 lugar,1725787425287642
Tu publicación,4505,Disponible,15721,Publicado en 1 lugar,1598133935037641
Tu publicación,135,Disponible,11925,Publicado en 1 lugar,1751528212698346
Tu publicación,108,Disponible,13595,Publicado en 1 lugar,140848356125721
Tu publicación,2685,Disponible,12689,Publicado en 1 lugar,1305008858183938
Tu publicación,545,Disponible,10493,Publicado en 1 lugar,1430618675577563
Tu publicación,1028,Disponible,14741,Publicado en 1 lugar,1403017421699979
Tu publicación,529,Disponible,7985,Publicado en 1 lugar,2144465882830121
Tu publicación,830,Disponible,16759,Publicado en 1 lugar,1802767557745723
Tu publicación,195,Disponible,2833,Publicado en 1 lugar,1791375212032621
Tu publicación,433,Disponible,16761,Publicado en 1 lugar,1043149038365716
Tu publicación,680,Disponible,6392,Publicado en 1 lugar,2457863464709697
Tu publicación,650,Disponible,12368,Publicado en 1 lugar,1491293016101495
Tu publicación,815,Disponible,13105,Publicado en 1 lugar,1417966747059574
Tu publicación,562,Disponible,9970,Publicado en 1 lugar,2016502042331070
Tu publicación,2399,Disponible,17924,Publicado en 1 lugar,2078732062729900
Tu publicación,436,Disponible,16242,Publicado en 1 lugar,1034017629421428
Tu publicación,500,Disponible,13639,Publicado en 1 lugar,1060421593296478
Tu publicación,280,Disponible,5071,Publicado en 1 lugar,2812112092497228
Tu publicación,469,Disponible,15974,Publicado en 1 lugar,1571581357935181
Tu publicación,80,Disponible,4462,Publicado en 1 lugar,1362093222701157
Tu publicación,448,Disponible,5422,Publicado en 1 lugar,1950586302314476
Tu publicación,81,Disponible,4885,Publicado en 1 lugar,905434749286924
Tu publicación,152,Disponible,16140,Publicado en 1 lugar,4411604392426077
Tu publicación,219,Disponible,13346,Publicado en 1 lugar,1794548808654490
Tu publicación,808,Disponible,14620,Publicado en 1 lugar,4738219833072395
Tu publicación,1952,Disponible,13256,Publicado en 1 lugar,632643760222364
Tu publicación,59,Disponible,6876,Publicado en 1 lugar,4417227068590944
Tu publicación,599,Disponible,11595,Publicado en 1 lugar,1050681914143323
Tu publicación,128,Disponible,4559,Publicado en 1 lugar,27920000137660349
Tu publicación,1942,Disponible,13888,Publicado en 1 lugar,1786593356027011
Tu publicación,189,Disponible,6442,Publicado en 1 lugar,4765108823728165
Tu publicación,357,Disponible,17201,Publicado en 1 lugar,2065444680723396
Tu publicación,85,Disponible,11761,Publicado en 1 lugar,2121378315439269
Tu publicación,1251,Disponible,16123,Publicado en 1 lugar,1233985095506431
Tu publicación,957,Disponible,14267,Publicado en 1 lugar,1557672459153753
Tu publicación,299,Disponible,17204,Publicado en 1 lugar,7777577778555347
Tu publicación,783,Disponible,17189,Publicado en 1 lugar,987177637714823
Tu publicación,2543,Disponible,5360,Publicado en 1 lugar,1600497188386683
Tu publicación,334,Disponible,6305,Publicado en 1 lugar,2477958932673713
Tu publicación,568,Disponible,9488,Publicado en 1 lugar,929359209462024
Tu publicación,80,Disponible,5558,Publicado en 1 lugar,1466497128575054
Tu publicación,1520,Disponible,13293,Publicado en 1 lugar,817019474756415
Tu publicación,523,Disponible,17076,Publicado en 1 lugar,2273861060057330
Tu publicación,186,Disponible,15601,Publicado en 1 lugar,1365626725683039
Tu publicación,360,Disponible,10695,Publicado en 1 lugar,4383597665283984
Tu publicación,290,Disponible,2511,Publicado en 1 lugar,1385515876320239
Tu publicación,1012,Disponible,12369,Publicado en 1 lugar,1564602455370939
Tu publicación,2429,Disponible,13648,Publicado en 1 lugar,1715345289717814
Tu publicación,917,Disponible,13671,Publicado en 1 lugar,939082905896946
Tu publicación,1135,Disponible,13672,Publicado en 1 lugar,2117491732195503
Tu publicación,1445,Disponible,17428,Publicado en 1 lugar,215316531996590
Tu publicación,904,Disponible,13638,Publicado en 1 lugar,811652491975752
Tu publicación,726,Disponible,12295,Publicado en 1 lugar,2184032535499884
Tu publicación,329,Disponible,7878,Publicado en 1 lugar,1890420958795020
Tu publicación,110,Disponible,2715,Publicado en 1 lugar,1729556471683321
Tu publicación,302,Disponible,12373,Publicado en 1 lugar,2171182733664245
Tu publicación,2250,Disponible,17434,Publicado en 1 lugar,4072769826187952
Tu publicación,145,Disponible,5240,Publicado en 1 lugar,4368681106724888
Tu publicación,62,Disponible,4574,Publicado en 1 lugar,27448437994827451
Tu publicación,243,Disponible,14403,Publicado en 1 lugar,1034912399181493
Tu publicación,140,Disponible,10771,Publicado en 1 lugar,1719026806034975
Tu publicación,65,Disponible,12923,Publicado en 1 lugar,1766153494526997
Tu publicación,266,Disponible,6565,Publicado en 1 lugar,1573638147449648
Tu publicación,20,Disponible,16521,Publicado en 1 lugar,1360320755659481
Tu publicación,190,Disponible,6198,Publicado en 1 lugar,1106127355310243
Tu publicación,310,Disponible,15166,Publicado en 1 lugar,27865742776369439
Tu publicación,105,Disponible,5119,Publicado en 1 lugar,1401191118600377
Tu publicación,259,Disponible,14295,Publicado en 1 lugar,1038910555399101
Tu publicación,100,Disponible,2830,Publicado en 1 lugar,1765514151569447
Tu publicación,2539,Disponible,10217,Publicado en 1 lugar,1528392601901621
Tu publicación,619,Disponible,12951,Publicado en 1 lugar,1761925748587099
Tu publicación,355,Disponible,3071,Publicado en 1 lugar,4368789876668069
Tu publicación,371,Disponible,5508,Publicado en 1 lugar,2314408959376467
Tu publicación,677,Disponible,13329,Publicado en 1 lugar,920879980421432
Tu publicación,120,Disponible,11669,Publicado en 1 lugar,1225178149750061
Tu publicación,594,Disponible,13989,Publicado en 1 lugar,4478419435702941
Tu publicación,90,Disponible,4318,Publicado en 1 lugar,1048922708070505
Tu publicación,420,Disponible,4785,Publicado en 1 lugar,1107703831920652
Tu publicación,429,Disponible,16370,Publicado en 1 lugar,1581855593472659
Tu publicación,366,Disponible,12904,Publicado en 1 lugar,1736292690989523
Tu publicación,2131,Disponible,14676,Publicado en 1 lugar,915682940999929
Tu publicación,286,Disponible,14008,Publicado en 1 lugar,1632190148274814
Tu publicación,1010,Disponible,15232,Publicado en 1 lugar,1611124750714710
Tu publicación,276,Disponible,5512,Publicado en 1 lugar,1307909504528029
Tu publicación,409,Disponible,15132,Publicado en 1 lugar,2200895610481671
Tu publicación,45,Disponible,6207,Publicado en 1 lugar,1957882171584193
Tu publicación,399,Disponible,16924,Publicado en 1 lugar,1911013939872702
Tu publicación,194,Disponible,6425,Publicado en 1 lugar,1054687990340369
Tu publicación,349,Disponible,16297,Publicado en 1 lugar,1788007515558154
Tu publicación,280,Disponible,12312,Publicado en 1 lugar,1020284700811908
Tu publicación,441,Disponible,15169,Publicado en 1 lugar,1409571471145267
Tu publicación,220,Disponible,5352,Publicado en 1 lugar,970896802634294
Tu publicación,248,Disponible,5966,Publicado en 1 lugar,1578364783682450
Tu publicación,49,Disponible,4757,Publicado en 1 lugar,1672374963870290
Tu publicación,577,Disponible,5711,Publicado en 1 lugar,4489339481284699
Tu publicación,285,Disponible,5513,Publicado en 1 lugar,1333002732154953
Tu publicación,29,Disponible,9089,Publicado en 1 lugar,2129278977991963
Tu publicación,700,Disponible,12554,Publicado en 1 lugar,788593847668682
Tu publicación,394,Disponible,14282,Publicado en 1 lugar,1601136911426561
Tu publicación,369,Disponible,14176,Publicado en 1 lugar,2189058855045142
Tu publicación,1828,Disponible,16183,Publicado en 1 lugar,1091404877171497
Tu publicación,6262,Disponible,14820,Publicado en 1 lugar,1915933252415844
Tu publicación,399,Disponible,16921,Publicado en 1 lugar,2050028168936807
Tu publicación,705,Disponible,12250,Publicado en 1 lugar,1918130965522831
Tu publicación,120,Disponible,16894,Publicado en 1 lugar,4840689949510047
Tu publicación,65,Disponible,5469,Publicado en 1 lugar,1082838174418845
Tu publicación,40,Disponible,9279,Publicado en 1 lugar,1365566491709412
Tu publicación,140,Disponible,6599,Publicado en 1 lugar,1573474304267476
Tu publicación,169,Disponible,16527,Publicado en 1 lugar,1009732425394615
Tu publicación,46,Disponible,6206,Publicado en 1 lugar,1573218440872245
Tu publicación,242,Disponible,15982,Publicado en 3 lugares,4735611943427309
Tu publicación,5899,Disponible,16431,Publicado en 2 lugares,1396510451923017
Tu publicación,90,Disponible,5120,Publicado en 2 lugares,2354718091601744
Tu publicación,900,Disponible,13084,Publicado en 2 lugares,1647831550290648
Tu publicación,159,Disponible,6238,Publicado en 2 lugares,1418624313415912
Tu publicación,98,Disponible,12809,Publicado en 2 lugares,1884080179671744
Tu publicación,90,Disponible,4457,Publicado en 2 lugares,1366239044927033
Tu publicación,280,Disponible,4343,Publicado en 2 lugares,28938727412830
Tu publicación,719,Disponible,13087,Publicado en 2 lugares,810932552047624
Tu publicación,1036,Disponible,16375,Publicado en 2 lugares,1415307503778357
Tu publicación,439,Disponible,13164,Publicado en 1 lugar,
Tu publicación,1913,Disponible,13060,Publicado en 1 lugar,
Tu publicación,1,Disponible,13723,Publicado en 1 lugar,
Tu publicación,3739,Disponible,13207,Publicado en 1 lugar,
Tu publicación,3429,Disponible,14200,Publicado en 1 lugar,
Tu publicación,399,Disponible,13076,Publicado en 1 lugar,
Sugerencia: Añade un título más largo,4548,,,,
Silla Gamer Blanco-Negro con Reposapies - Reclinacion de 90 a 135°,399,,,,
Laptop Lenovo IdeaPad 3 Slim,1610,,,,
Laptop HP Omen 17,6769,,,,
Laptop HP Victus,3971,,,,
Tu publicación,1646,Disponible,,Publicado en 1 lugar,1313408903941486
Tu publicación,80,Disponible,,Publicado en 1 lugar,1767598064245262
Pantalla para Laptop ASUS 15.6 pulgadas 40 pines (Repuesto),150,,,,
"Teclado Teros, TE-4065N, Sellado, Lavable, A prueba de agua, IPX7, USB, Negro",73,,,,
Tu publicación,220,Disponible,,Publicado en 1 lugar,1599192681755184
Tu publicación,2099,Disponible,,Publicado en 1 lugar,1437979068435975
Tu publicación,1646,Disponible,,Publicado en 1 lugar,1313408903941486
Tu publicación,80,Disponible,,Publicado en 1 lugar,1767598064245262
Tu publicación,220,Disponible,,Publicado en 1 lugar,1599192681755184
Tu publicación,2099,Disponible,,Publicado en 1 lugar,1437979068435975
Tu publicación,0,Disponible,,Publicado en 1 lugar,2127050551527690
Pantalla de Samsung Galaxy,220,,,,
BOTELLA DE TINTA BROTHER,65,,,,
Circut | Set Essential | Juego basico de 7 Herramientas,209,,,,
Mouse GAMBYTE Titan G GI,79,,,,
BOTELLA DE TINTA CANON C/NEGRO,45,,,,
"Monitor HP P204v,",356,,,,
Laptop Lenovo V15,2311,,,,
BOLSA DE TINTA EPSON,194,,,,
"Monitor Teros TE-3215G, Curvo 31.5"" VA, 165hz, 1920x1080, Full HD, HDMI,DP, SPEAKER Gamer",759,,,,
"Laptop Lenovo IdeaPad Slim 3, Intel i3-N305 3.8GHz, RAM 8GB LPDDR5, 512Gb SSD, Pantalla 15.6"" FHD",1520,,,,
Enmicadora A4 Ale,289,,,,
Laptop Lenovo Thinkpad X1 2,12,,,,
Bateria para Laptop LENOVO 15.36V/60Wh,245,,,,
Memoria RAM Kingston 16Gb Sodimm,600,,,,
Laptop Lenovo V15 G2,957,,,,
Bateria para Laptop DELL 68Wh 3HWPP,490,,,,
Bateria para Laptop HP,125,,,,
Bateria para Laptop HP - Pavilion,180,,,,
Impresora HP LaserJet pro 3003DW 3G654A - Monocromatica - NUEVO CAJA SELLADA,729,,,,
Auriculares con microfono Lenovo H210 gaming,174,,,,
Laptop Lenovo Yoga Slim 7i,4442,,,,
Tarjeta de video Gigabyte RTX 5070 EAGLE OC SFF 12 GB GDDR7,3260,,,,
Cricut | Maker 3 Bi-Volt | Maquina De Corte - NUEVO CAJA SELLADA,1515,,,,
Caja de Mantenimiento Impresora Epson L350 - Almohadilla o Tampon,90,,,,
BOTELLA DE TINTA BROTHER MAGENTA,65,,,,
"Monitor Teros TE-2752G, 27"" VA 165hz, 1920x1080, Full HD, HDMI,DP Gamer NUEVO - EN CAJA SELLADA",559,,,,
Audifono con Microfono MSI,79,,,,
BOLSA DE TINTA EPSON T942120,204,,,,
"Tarjeta de video Gigabyte GeForce RTX4070 SUPER 12Gb GDDR6X, PCI-E 4.0, HDMI / DisplayPort",2845,,,,
Bateria para Laptop Hp interna,240,,,,
TONER HP CF210A (131A) L.J. 200 M276 NEGRO,389,,,,
BOTELLA DE TINTA EPSON C/NEGRO,64,,,,
"Tarjeta de Video MSI NVIDIA GeForce 210, 1GB DDR3 64-bit, HDMI/DVI/VGA, PCI-E 2.0 X16",135,,,,
"Silla de Juego COUGAR Armor Elite CGR-ELI - Cuero PVC, Acero - Naranja, Negro",615,,,,
TARJETA DE VIDEO GEFORCE MSI RTX 3050 VENTUS 2X 6G OC 912-V812-060,947,,,,
TARJETA DE VIDEO MSI GEFORCE RTX3050 8GB VENTUS 2X XS OC EDITION GDDR6,1039,,,,
Autocad Windows/Mac Anual - 1PC - (oferta) - Original -software de diseño y dibujo CAD 2D y 3D,499,,,,
Cricut | Kit de Herramientas basicas | Tijera | Pinza | Raspador | Gancho | Espatula,118,,,,
Cricut | Kit de Herramientas para Manualidades | Espatula | Raspador,75,,,,
"Tarjeta de video GIGABYTE GeForce RTX 5080 GAMING OC 16G, 16 GB GDDR7, PCIe Gen 5.0",6804,,,,
Autocad Windows/Mac - Mensual - 1PC - Digital - Original -software de diseño y dibujo CAD 2D y 3D,1399,,,,
"Procesador CPU AMD Ryzen5 5500, 3.60/4.20 GHz, 16MB L3 Cache, 6-Cores, AM4, 7nm, 65W",360,,,,
"Monitor LED - ViewSonic TD1655 - 15.6"" portatil-pantalla tactil-1920 x 1080 Full HD",1147,,,,
Impresora HP LaserJet Monocromatica M111w,430,,,,
Disco Solido Kingston MV3 500GB,433,,,,
Cargador para Laptop Lenovo 45W TIPO-C Generico,85,,,,
Placa Madre Mainboard Motherboard ASUS ROG STRIX B860-F GAMING WIFI,1298,,,,
Monitor Samsung LS24D360GALXPE 24 Curvo 100HZ/4MS HDMI x1/ VGA x1,320,,,,
IMPRESORA MULTIFUNCIONAL Epson EcoTank L3210,783,,,,
Placa GIGABYTE H610M-K V2 DDR5 LGA1700,288,,,,
Cricut | Set de Herramientas para Manualidades | Gancho | Espatula | Raspador,82,,,,
Cricut | Kit de Transferencia de Foil ( Aluminio) nuevo,178,,,,
Silla GAMING CHAIR ARMOR ONE V2 F,786,,,,
Bateria para Laptop TOSHIBA,140,,,,
ENMICADORA A3 ALE,429,,,,
BOTELLA DE TINTA CANON C/AMARILLO,45,,,,
"Disco Duro Solido SSD KINGSTON KC600 - 1Tb - SATA Rev 3.0 - 2.5"" - Interno",1185,,,,
Licencia Autodesk Autocad LT - Mensual- 1PC (oferta) Diseño y dibujo 2D - Original,299,,,,
Pantalla de Reemplazo para Laptop Dell,260,,,,
"Monitor Curvo LG 32"" Full HD, VA, 100Hz, 5ms, HDMI, VGA",645,,,,
"Autocad, Anual, para 1PC software de diseño y dibujo CAD 2D y 3D - Original",9690,,,,
"Laptop lenovo LOQ, Intel i5-12450HX, RAM 8Gb, SSD 512Gb SSD, Video NVIDIA GeForce RTX 3050 6Gb",2899,,,,
"Disco duro Toshiba N300 NAS, 8TB, SATA 6.0Gb/s, 7200rpm, 512MB Cache, 3.5"".",808,,,,
Mouse Pad CORSAIR MM250,77,,,,
TARJETA DE VIDEO GEFORCE RTX 5080 WINDFORCE OC SFF 16G GV-N5080WF3 OC-16GD 1.0 GV-N5080WF3 OC-16GD,5309,,,,
Placa Madre Mainboard Motherboard INTEL ASUS PRIME B760M-A D4 LGA1700,411,,,,
Cricut | Tapete de Corte de Agarre Ligero | 30.4cm x 30.4cm,74,,,,
"Teclado CORSAIR K70 RGB MK2 Rapidfire Cherry MX Speed, Cableado, retroiluminado, Negro GAMER",515,,,,
"Monitor LG 32MR50C, 31.5"" FHD 1920x1080, 100Hz, HDMIx1, VGAx1, Headphone-Out x1 Curvo Gamer",679,,,,
Tarjeta de Video Zotac Geforce RTX 5070 TI 16Gb SOLID OC ZT-B50710J-10P,3849,,,,
"Tarjeta de video XFX Mercury AMD Radeon RX 9070XT OC Gaming Edition, 16GB GDDR6, PCI-E 5.0",3327,,,,
Tarjeta de Video MSI Nvidia GeForce RTX 5060 Ti,2290,,,,
Tarjeta de Video Radeon Pro W6400 4Gb GDDR6 100-506189,1022,,,,
Silla Gaming CORSAIR T3 RUSH TELA GREY CARBON,920,,,,
"MONITOR TEROS TE-3217G 31.5"" CURVO GAMING",865,,,,
Memoria RAM 32Gb DDR5 6400Mhz PC5-51200 - KINGSTON,1510,,,,
"MONITOR SAMSUNG 22"" LS22D400GALXPE",354,,,,
MOTHERBOARD Placa Madre GIGABYTE B550M K - AM4 | DDR4 | Micro ATX,317,,,,
TARJETA DE VIDEO GEFORCE ZOTAC RTX 5070 TI 16G AMP EXTREME INFINITY ZT-B50710B-10P ZT-B50710B-10P,3959,,,,
"Memoria Kingston FURY Beast White RGB, 16GB DDR5-5200 MHz, CL-40, 1.25V, White",1015,,,,
Cricut | Prensa de Calor para Tazas Mug Press,639,,,,
Laptop HP 250 G10,1577,,,,
Laptop Dell Pro 16 PC16250,3281,,,,
"Disco Duro Estado Solido SSD Kingston FURY Renegade 1TB, M.2 2280 PCIe 4.0 x4 NVMe interno",1219,,,,
Silla Gamer Cougar EXPLORE ROYAL F,735,,,,
"CPU Workstation ThinkStation P360 Tower, Intel Core i7-12700F, RAM 16GB, SSD 1TB, 8GB NVIDIA",8798,,,,
TARJETA DE VIDEO GEFORCE RTX 5090 GAMING OC 32G GV-N5090GAMING OC-32GD 1.0 GV-N5090GAMING OC-32GD,11,,,,
Memoria RAM 32 GB DDR5 6400Mhz PC5-51200 - KINGSTON,1844,,,,
Case MSI MAG PANO 120R PZ,879,,,,
"Disco Duro Externo Solido Kingston XS2000 4Tb, USB 3.2 Gen 2x2 Tipo-C",2132,,,,
"Monitor curvo gaming TEROS TE-2787G 27"" FHD VA 180Hz 1ms HDMI DP AUDIO OUT Negro",435,,,,
SILLA GAMER RIJA RACER PLUS GAMER / NEGRO/ REPOSAPIES,425,,,,
"Laptop Lenovo IdeaPad Slim 3, AMD Ryzen7 5825U 4.5GHz, Memoria RAM 16Gb DDR4, Disco Solido 512Gb",1689,,,,
Tu publicación,680,Disponible,,Publicado en 2 lugares,589018624597481
Tu publicación,388,Disponible,,Publicado en 1 lugar,
